,SMILES,CID,Solubility1,Unit,Molecular_Weight,pubchem_sol_gl,Lit_gram_liter,Error_gl_in_%
282,CC1COC(O1)(C)C,62384.0,111000 mg/L @ 18C (exp),mg/L,116.15999999999998,111.0,110.99999988993429,9.915830008770796e-08
358,C1=CN=CC(=C1C(F)(F)F)C(=O)NCC#N,9834513.0,"In water, 5.2X10+3 mg/L at 20 °C",mg/L,229.161,5.2,5.199997726207449,4.37267989583404e-05
181,CSC1=CC=CC=C1,7520.0,0.506 mg/mL at 25 °C,mg/mL,124.20799999999996,0.506,0.505998895454932,0.0002182900156277389
58,C1=CC=C2C(=C1)C(=O)OC23C4=CC(=C(C(=C4OC5=C(C(=C(C=C35)I)O)I)I)O)I,3259.0,0.7 mg/mL,mg/mL,835.895,0.7,0.6999983502233995,0.00023568292695497946
227,C(COCCOCCOCCO)O,8200.0,Miscible with water /1.0X10+6 mg/L/ at 20 °C,mg/L,194.227,1000.0,1000.0033322448757,0.00033322337718318475
157,CC(=O)C1=CC=CS1,6920.0,14 mg/mL at 30 °C,mg/mL,126.17999999999998,14.0,13.999950159446641,0.0003560052199576828
267,CC(C)N.C(C(=O)O)NCP(=O)(O)O,38078.0,"In water, 1.05X10+6 mg/L at 25 °C",mg/L,228.185,1050.0,1049.994664383464,0.0005081565380326256
261,CCCOC(=O)NCCCN(C)C,32490.0,"In water, 9.0X10+5 mg/L at 20 °C, pH 7.0",mg/L,188.271,900.0,900.0047807138325,0.0005311876042127752
228,CC(C)(C=C)O,8257.0,1000 mg/mL,mg/mL,86.134,1000.0,999.9939960337816,0.0006004002266199405
317,C1=NC2=NC(=O)NC(=C2N1)N,76900.0,0.0625 mg/mL,mg/mL,151.129,0.0625,0.06249958644938773,0.0006616853578761996
337,CCC(C)(C(=O)OC1C2C(C(C3(C4C2(CO3)C(CC5C4(C(C(C=C5C)O)O)C)OC1=O)O)O)C)O,3321199.0,1800 mg/L @ 25 °C (exp),mg/L,496.55300000000017,1.8,1.7999872945570823,0.0007058629222650241
355,C([C@@H]1[C@@H]([C@@H]([C@H]([C@H](O1)OC[C@@H]2[C@H]([C@@H]([C@H]([C@H](O2)O)O)O)O)O)O)O)O,6602503.0,1000.0 mg/mL,mg/mL,342.297,1000.0,1000.0071215970896,0.0007121546372837978
319,CCC(CC)(C(=O)O)O,77199.0,26 mg/mL at 18 °C,mg/mL,132.159,26.0,25.999803269093746,0.0007566630570911366
286,CC1=C(NC(=O)N=C1)N,65040.0,34.5 mg/mL,mg/mL,125.131,34.5,34.500275752360054,0.0007992758145846203
289,CC1(C=CC2=C(O1)C=C3C(=C2OC)C=CC(=O)O3)C,66548.0,40 mg/L @ 25 °C (exp),mg/L,258.273,0.04,0.04000033367699251,0.0008341855225592356
310,CC(C)C[C@@H](C(=O)O)NC(=O)C,70912.0,8.1 mg/mL at 25 °C,mg/mL,173.21199999999996,8.1,8.099924868719976,0.0009275552704710824
245,C1=CC(=O)NC=C1,8871.0,1000 mg/mL at 20 °C,mg/mL,95.10099999999996,1000.0,1000.0105151029966,0.0010514992430349793
280,CCC(CC)COC(=O)C,61448.0,6.4 mg/mL at 20 °C,mg/mL,144.214,6.4,6.400069120155677,0.0010799907685170905
322,CN1C2=C(NC1=O)N(C(=O)N(C2=O)C)C,79437.0,5.5 mg/mL at 15 °C,mg/mL,210.193,5.5,5.500078496529642,0.0014271892608655658
237,CC1=CC=C(C=C1)C(=O)C,8500.0,0.372 mg/mL at 15 °C,mg/mL,134.178,0.372,0.3719944549164401,0.0014906360798099807
331,C1[C@H]([C@H]([C@@H](C[C@@]1(C(=O)O)O)OC(=O)/C=C/C2=CC(=C(C=C2)O)O)O)O,1794427.0,40 mg/mL at 25 °C,mg/mL,354.31100000000004,40.0,40.00062689709587,0.0015672181775620206
204,CC(CC=O)O,7897.0,Miscible with water /1.00X10+6 mg/L/,mg/L,88.106,1000.0,999.9836155872633,0.0016384681190049304
19,C(C(=O)O)N=C(N)N,763.0,3.6 mg/mL at 15 °C,mg/mL,117.10800000000002,3.6,3.5999385210762442,0.001707777046633381
271,C1=NC(=C2C(=N1)N(C=N2)[C@H]3[C@@H]([C@@H]([C@H](O3)CO)OP(=O)(O)O)O)N,41211.0,500 mg/L at 15 °C,mg/L,347.22400000000005,0.5,0.4999913601845412,0.00172799295083813
363,C[C@H](CCC(=O)NCC(=O)O)[C@H]1CCC2[C@@]1([C@H](CC3C2CC[C@H]4[C@@]3(CC[C@H](C4)O)C)O)C,22833539.0,0.0027 mg/mL,mg/mL,449.6320000000003,0.0027,0.002699951961460059,0.0017792368392774728
66,CC(C)C1=CC(=O)C(=CC=C1)O,3611.0,1.2 mg/mL at 25 °C,mg/mL,164.20399999999998,1.2,1.19997811298603,0.001823951098192557
184,C=CCN(CC=C)CC=C,7617.0,"2.5 mg/mL (NTP, 1992)",mg/mL,137.22599999999997,2.5,2.499953189488177,0.0018724555331688765
256,CN=C(N)N,10111.0,1.78 mg/mL,mg/mL,73.099,1.78,1.7799648897069305,0.001972527282566475
296,CNC1=NC=NC2=C1NC=N2,67955.0,1.18 mg/mL at 20 °C,mg/mL,149.157,1.18,1.1799762681367378,0.002011215301776701
308,CN1C2=C(C(=O)N(C1=O)C)NC(=O)N2,70346.0,0.52 mg/mL at 18 °C,mg/mL,196.166,0.52,0.5199893974875767,0.002038986270600932
313,CCCSS(=O)CCC,74761.0,20 mg/mL,mg/mL,166.31099999999995,20.0,19.999584582960217,0.002077128342638065
248,CCCCCCCCCCN,8916.0,"In water, 5.5X10+2 mg/L at 25 °C",mg/L,157.301,0.55,0.5499880042265897,0.0021810972817938087
213,CCCCOC(=O)CCC,7983.0,0.5 mg/mL at 20 °C,mg/mL,144.21399999999997,0.5,0.5000111388950133,0.0022277293737631406
312,CC1=NC(=NC(=N1)OC)NC(=O)NS(=O)(=O)C2=C(SC=C2)C(=O)OC,73674.0,"In water, 2.24X10+3 mg/L at 25 °C",mg/L,387.39900000000017,2.24,2.2400540388148737,0.0024123888949628136
164,CC(=O)C1=CC2=CC=CC=C2C=C1,7122.0,0.272 mg/mL at 25 Â°C,mg/mL,170.21099999999998,0.272,0.27200666093663695,0.002448813795217314
338,CC1=C(NC(=C1CCC(=O)O)CC2=C(C(=C(N2)/C=C\3/C(=C(C(=O)N3)C)C=C)C)CCC(=O)O)/C=C\4/C(=C(C(=O)N4)C=C)C,5280352.0,0.009 mg/mL at 25 °C,mg/mL,584.6730000000002,0.009,0.008999760662374729,0.0026593776684661124
202,CC(C)OP(=O)(C)F,7871.0,Miscible with water /1X10+6 mg/L at 25 °C /,mg/L,140.094,1000.0,1000.0300120806033,0.003001117990539161
243,C(CI)C(=O)O,8856.0,74.3 mg/mL at 25 °C,mg/mL,199.975,74.3,74.29775743870708,0.0030183431778098013
99,C(C(=O)O)F,5237.0,Miscible with water (1.0X10+6 mg/L) at 25 °C,mg/L,78.042,1000.0,1000.0303330921766,0.0030332172108074895
5,C(CCN)CC(=O)O,138.0,1000 mg/mL at 20 Â°C,mg/mL,117.14799999999998,1000.0,1000.0316196857661,0.003161868599322982
180,CC1=CCC(=CC1)C(C)C,7461.0,0.00868 mg/mL at 22 Â°C,mg/mL,136.238,0.00868,0.008679721779212368,0.003205411356602316
4,C1=CC(=CC=C1CO)O,125.0,6700 mg/L @ 20 °C (exp),mg/L,124.13899999999995,6.7,6.700230964993353,0.0034471198763098873
305,C(CSSCCC(C(=O)O)N)[C@@H](C(=O)O)N,69382.0,0.2 mg/mL at 25 °C,mg/mL,268.36,0.2,0.2000074529343844,0.0037263283317944002
20,C1=CC(=C(C=C1O)CC(=O)O)O,780.0,850 mg/mL at 25 °C,mg/mL,168.148,850.0,849.9683083703738,0.0037285660317046584
314,CN1C2=C(N(C1=O)C)N(C(=O)N(C2=O)C)C,75324.0,25 mg/mL at 20 °C,mg/mL,224.22,25.0,25.000988378931662,0.00395335942996313
297,C1=CC=C(C=C1)CC(=O)NCC(=O)O,68144.0,7.3 mg/mL at 11 °C,mg/mL,193.202,7.3,7.2997060647808825,0.004026671985266868
269,CC(C)OC(=O)C(=C1SCCS1)C(=O)OC(C)C,39681.0,0.054 mg/mL at 25 °C,mg/mL,290.406,0.054,0.054002222819786484,0.004116163502940883
284,CN1C=NC=C1C[C@@H](C(=O)O)N,64969.0,200 mg/mL at 25 °C,mg/mL,169.18399999999997,200.0,200.00910949244542,0.00455453877502631
143,CCOC(=O)CC(CC(=O)OCC)(C(=O)OCC)O,6506.0,"In water, 6.50X10+4 mg/L at room temp",mg/L,276.285,65.0,64.99681169517321,0.004905324959238973
116,CC1=CC(=CC=C1)N=NC2=CC=C(C=C2)N(C)C,5934.0,0.4 [ug/mL] (The mean of the results at pH 7.4),ug/mL,239.322,0.0004,0.000400020845598128,0.005211127959293583
87,C1=CC(=CC=C1CCC(=O)C2=C(C=C(C=C2O)O)O)O,4788.0,0.123 mg/mL at 16 °C,mg/mL,274.272,0.123,0.1229933054710585,0.005443002703166254
201,C(CS(=O)(=O)O)O,7866.0,1000 mg/mL,mg/mL,126.13299999999995,1000.0,1000.0568577287585,0.005685449614095278
63,CC1=C2C=CC(=C2C=C(C=C1)C(C)C)C,3515.0,0.000664 mg/mL at 25 °C,mg/mL,198.309,0.000664,0.0006639607770861094,0.005907414299784229
152,CC(=O)NC1=C2C(=CSS2)N(C1=O)C,6870.0,0.21 mg/mL,mg/mL,228.298,0.21,0.2100128786622358,0.006132320226193588
171,COC(=O)CCl,7295.0,"In water, 4.6X10+4 mg/L at 20 °C",mg/L,108.52400000000002,46.0,45.997031773134324,0.006453083495290506
351,C/C=C(/C)\C=O,6028462.0,25 mg/mL,mg/mL,84.11799999999998,25.0,24.99823295074906,0.007068696633164787
318,C=CCCN=C=S,76922.0,0.46 mg/mL at 20 °C,mg/mL,113.18499999999996,0.46,0.4600328821156459,0.007147775066571762
206,CC1COC(=O)O1,7924.0,"In water, 1.75X10+5 mg/L at 25 °C",mg/L,102.08899999999998,175.0,174.9872363734191,0.007294032893721678
278,C(CO[N+](=O)[O-])OCCO[N+](=O)[O-],61198.0,"In water, 3.9X10+3 mg/L at 25 °C",mg/L,196.115,3.9,3.899708753096086,0.007468427063502962
231,CCC(C)C(=O)O,8314.0,45 mg/mL at 20 °C,mg/mL,102.13299999999998,45.0,45.00343667589521,0.007636474342968708
270,CN1C(=NC(=O)N(C1=O)C2CCCCC2)N(C)C,39965.0,"In water, 3.3X10+4 mg/L at 25 °C",mg/L,252.31799999999996,33.0,33.002605918953975,0.007896100569677987
299,C(CS(=O)(=O)O)N=C(N)N,68340.0,39 mg/mL at 21 °C,mg/mL,167.18999999999997,39.0,39.00321803278583,0.008250685323262995
151,C1=CC=C2C(=C1)C=CC=C2CC(=O)N,6861.0,0.039 mg/mL at 40 °C,mg/mL,185.22599999999997,0.039,0.03900335340620383,0.008597738171145756
7,CCOP(=S)(OCC)OC1=CC=C(C=C1)N,220.0,0.39 mg/mL,mg/mL,261.283,0.39,0.3900418017180288,0.010717240522601878
285,C=CCSS(=O)CC=C,65036.0,24 mg/mL at 10 °C,mg/mL,162.27899999999997,24.0,24.002823012354852,0.011761168065103923
262,CC(C)OP(=O)(OC(C)C)SCC1=CC=CC=C1,33294.0,0.4 mg/mL at 20 °C,mg/mL,288.349,0.4,0.39994106440819516,0.014736069148606644
212,C1=CC=NC(=C1)Cl,7977.0,"In water, 2.00X10+4 mg/L t 25 °C",mg/L,113.54699999999998,20.0,20.003090176448275,0.01544849531255578
229,C(C(Cl)(Cl)Cl)O,8259.0,83.3 mg/mL at 25 °C,mg/mL,149.404,83.3,83.28433825486393,0.01880515048116744
172,CC(C(C)(C)C)OP(=O)(C)F,7305.0,"In water, 2.1X10+4 mg/L at 20 °C",mg/L,182.17499999999995,21.0,21.004151857826542,0.01976684350144527
16,CN1CC(=O)N=C1N,588.0,80.1 mg/mL at 16 °C,mg/mL,113.12,80.1,80.08282712953368,0.02144388638844373
226,CCCCOCCOCCCC,8188.0,"In water, 2.0X10+3 mg/L at 20 °C",mg/L,174.28399999999996,2.0,2.0004895260606212,0.024470313602952296
57,C1CC2C(C(C1O2)C(=O)O)C(=O)O,3225.0,"In water, 1.0X10+5 mg/L at 20 °C",mg/L,186.163,100.0,99.97545030767536,0.024555720678515334
254,C1=CC(=C(C(=C1)O)C(=O)O)O,9338.0,9.56 mg/mL,mg/mL,154.12099999999998,9.56,9.562984977944508,0.031213872565852847
138,CC(F)F,6368.0,"In water, 3.2X10+3 mg/L at 25 °C",mg/L,66.05,3.2,3.198979079730616,0.031913940164630415
42,C1=CC=C(C=C1)CN=C=S,2346.0,0.109 mg/mL at 25 °C,mg/mL,149.218,0.109,0.10903668091904928,0.03364089840235594
156,C1=COC(=C1)C(=O)O,6919.0,37.1 mg/mL at 15 °C,mg/mL,112.08399999999996,37.1,37.11450062025473,0.03906995921377371
211,CC1=NC=CN=C1,7976.0,1000 mg/mL at 20 °C,mg/mL,94.117,1000.0,999.6019990856453,0.039815938215288074
209,CC(COC)OC(=O)C,7946.0,"In water, 1.98X10+5 mg/L at 25 °C",mg/L,132.159,198.0,198.0976501060978,0.049293924509201684
155,CCC(CC)C(=O)O,6915.0,18 mg/mL at 20 °C,mg/mL,116.15999999999998,18.0,17.99105384528738,0.049725573552016566
161,COC1=C(C(=CC=C1)OC)O,7041.0,17.2 mg/mL at 13 °C,mg/mL,154.16499999999996,17.2,17.208779692020798,0.05101867870892332
146,CC(CBr)Br,6553.0,"In water, 1.43X10+3 mg/L at 25 °C",mg/L,201.889,1.43,1.4292646646352924,0.05144850935604195
139,C(F)(F)F,6373.0,"In water, 4.09X10+3 mg/L at 25 °C",mg/L,70.013,4.09,4.092232519348124,0.05455504636084274
13,CCCCCCCC=O,454.0,"In water, 5.6X10+2 mg/L at 25 °C",mg/L,128.215,0.56,0.559678774306729,0.05739465350798558
300,COC1=C(C2=C(COC2=O)C=C1)OC,68437.0,2.5 mg/mL at 25 °C,mg/mL,194.186,2.5,2.50160027445083,0.06397003019122191
241,CCC(=O)OCC(COC(=O)CC)OC(=O)CC,8763.0,3.07 mg/mL at 37 °C,mg/mL,260.28599999999994,3.07,3.0679678862017545,0.06623647553107634
2,C(CNC(=O)N)C(=O)O,111.0,20.9 mg/mL,mg/mL,132.119,20.9,20.88594540230533,0.06729213077956037
33,C1=C2C(=NC=N1)N=CN2,1044.0,500.0 mg/mL,mg/mL,120.115,500.0,500.37161383834456,0.0742675699554403
216,CCCCCCCCCC(=O)OCC,8048.0,0.0159 mg/mL at 25 °C,mg/mL,200.322,0.0159,0.015912142063643768,0.07630690824153313
26,N#N,947.0,"In water, 1.81X10+4 mg/L at 21 °C",mg/L,28.014,18.1,18.083193283634937,0.09294108679507342
218,CC(C)CCOC=O,8052.0,3.5 mg/mL at 25 °C,mg/mL,116.15999999999998,3.5,3.503701375777582,0.10564187356750523
124,CC(C)(C(=O)O)N,6119.0,181 mg/mL at 25 °C,mg/mL,103.121,181.0,181.20281966359173,0.11192963992959161
192,CCCCCCCC(=O)OCC,7799.0,0.0701 mg/mL at 25 °C,mg/mL,172.26799999999997,0.0701,0.07017858569675886,0.11197959602439575
107,C[C@]12CCC(=O)C=C1CC[C@@H]3[C@@H]2[C@H](C[C@]4([C@H]3CC[C@@H]4C(=O)CO)C)O,5753.0,0.199 mg/mL,mg/mL,346.4670000000001,0.199,0.19923231543541817,0.11660529814675699
217,CCOC(=O)CCCCCCCCC(=O)OCC,8049.0,0.08 mg/mL at 20 °C,mg/mL,258.3579999999999,0.08,0.07990155791841587,0.12320420796381412
250,CCOC1=CC=C(C=C1)N,9076.0,"5 to 10 mg/mL at 68 °F (NTP, 1992)",mg/mL,137.18199999999996,7.5,7.50999945042099,0.1331484840578702
295,CCOC1=C(C=C(C=C1)C=O)OC,67116.0,1.16 mg/mL at 25 °C,mg/mL,180.203,1.16,1.1617202731654392,0.1480798093289658
266,C=CCN(CC=C)C(=O)C(Cl)Cl,37829.0,"In water, 5.0X10+3 mg/L at 20 °C",mg/L,208.088,5.0,4.991683444529276,0.16660823073304004
165,CCOC(=O)C1=CC=CC=C1,7165.0,0.72 mg/mL at 25 °C,mg/mL,150.177,0.72,0.7187923137473688,0.16801602208779107
14,C1=CC=C(C=C1)C(=O)NCC(=O)O,464.0,3.75 mg/mL,mg/mL,179.17499999999995,3.75,3.7434963424577243,0.17373217300930519
347,C(=C/C(=O)O)\C=C\C(=O)O,5356793.0,0.2 mg/mL at 15 °C,mg/mL,142.11,0.2,0.20042780614906452,0.21344650589366854
239,C1=CC=C2C=C(C=CC2=C1)O,8663.0,"In water, 7.55X10+2 mg/L at 25 °C",mg/L,144.17299999999997,0.755,0.7566306596659048,0.21551593833440988
249,CC(=O)[C@H]1CC[C@@H]2[C@@]1(CC[C@H]3[C@H]2CC=C4[C@@]3(CC[C@@H](C4)O)C)C,8955.0,0.00706 mg/mL at 37 °C,mg/mL,316.48500000000007,0.00706,0.007085216595398006,0.3559043687441334
294,CNC1=CC=CC=C1C(=O)O,67069.0,0.2 mg/mL at 20 °C,mg/mL,151.165,0.2,0.19927427988387933,0.3641815273619715
97,CN1C2CC(CC1C3[C@@H]2O3)OC(=O)C(CO)C4=CC=CC=C4,16399351.0,1.0X10+5 mg/L,mg/L,303.35799999999995,100.0,100.45127475071585,0.44924741058364487
94,CN1[C@@H]2CC(C[C@H]1[C@H]3[C@@H]2O3)OC(=O)C(CO)C4=CC=CC=C4,6451257.0,1.0X10+5 mg/L,mg/L,303.35799999999995,100.0,100.45127475071585,0.44924741058364487
93,CN1C2CC(CC1[C@@H]3[C@H]2O3)OC(=O)C(CO)C4=CC=CC=C4,6432494.0,1.0X10+5 mg/L,mg/L,303.35799999999995,100.0,100.45127475071585,0.44924741058364487
92,CN1[C@H]2CC(C[C@H]1[C@H]3[C@H]2O3)OC(=O)[C@H](CO)C4=CC=CC=C4,5284456.0,1.0X10+5 mg/L,mg/L,303.35799999999995,100.0,100.45127475071585,0.44924741058364487
91,CN1C2CC(CC1C3C2O3)OC(=O)[C@H](CO)C4=CC=CC=C4,2723877.0,1.0X10+5 mg/L,mg/L,303.35799999999995,100.0,100.45127475071585,0.44924741058364487
90,CN1C2CC(CC1C3C2O3)OC(=O)C(CO)C4=CC=CC=C4,5184.0,1.0X10+5 mg/L,mg/L,303.35799999999995,100.0,100.45127475071585,0.44924741058364487
95,CN1[C@@H]2CC(C[C@H]1[C@H]3[C@@H]2O3)OC(=O)C(CO)C4=CC=CC=C4,6451257.0,1.0X10+5 mg/L,mg/L,303.35799999999995,100.0,100.45127475071585,0.44924741058364487
96,CN1[C@@H]2CC(C[C@H]1[C@H]3[C@H]2O3)OC(=O)[C@H](CO)C4=CC=CC=C4,11968014.0,1.0X10+5 mg/L,mg/L,303.35799999999995,100.0,100.45127475071585,0.44924741058364487
68,CC(=O)CCC1C(=O)N(N(C1=O)C2=CC=CC=C2)C3=CC=CC=C3,3824.0,0.174 mg/mL at 20 °C,mg/mL,322.36400000000003,0.174,0.17311971800510018,0.5084816478697582
236,COC1=CC=C(C=C1)C(=O)OC,8499.0,0.643 mg/mL at 20 °C,mg/mL,166.17599999999996,0.643,0.6464996601456954,0.5413243596921111
129,CC(=O)[C@]1(CC[C@@H]2[C@@]1(CC[C@H]3[C@H]2CCC4=CC(=O)CC[C@]34C)C)O,6238.0,0.00648 mg/mL,mg/mL,330.4680000000001,0.00648,0.00644361245192842,0.5647072716282011
224,CCCCCCCCCCC(=O)O,8180.0,0.0522 mg/mL,mg/mL,186.295,0.0522,0.05250506481799116,0.5810197912309262
153,CC(C)CCOC(=O)C1=CC=CC=C1O,6874.0,0.145 mg/mL at 25 °C,mg/mL,208.257,0.145,0.1440786425106649,0.6394823502497143
268,CC1=C2C(=CC=C1)SC3=NN=CN23,39040.0,1.6 mg/mL at 25 °C,mg/mL,189.243,1.6,1.6107191576353237,0.6654889267636368
253,C1=CN=CN=C1,9260.0,1000 mg/mL at 25 °C,mg/mL,80.08999999999999,1000.0,1008.2733623059486,0.8205475434784051
31,C1=CC=C(C=C1)C(CN)O,1000.0,45.8 mg/mL,mg/mL,137.182,45.8,45.425229507224806,0.8250271860829774
160,C1=CC=C(C(=C1)C=O)O,6998.0,"Solubility in water, 1.7X10+4 mg/L at 86 °C",mg/L,122.12299999999996,17.0,16.857666754609806,0.8443235203428882
158,CC1=CC=CC=C1S(=O)(=O)N,6924.0,"In water, 1.62X10+3 mg/L at 25 °C",mg/L,171.22099999999998,1.62,1.6351478557117625,0.9263905804511274
303,C[C@]12CC[C@H]3[C@H]([C@@H]1CC[C@H]2O)CCC4=C3C=CC(=C4)O,68570.0,0.0039 mg/mL,mg/mL,272.388,0.0039,0.0039372044827394185,0.9449466722524046
179,COC(=O)C1=CC=C(C=C1)O,7456.0,"In water, 2.50X10+3 mg/L at 25 °C",mg/L,152.149,2.5,2.525044883797174,0.991858954978707
341,COC1=CC(=C2C(=C1)OC3=C(C2=O)C=C(C=C3)O)O,5281636.0,0.3 mg/mL at 16 °C,mg/mL,258.229,0.3,0.30339262071447964,1.1182278285114993
175,C1CCC(CC1)C(=O)O,7413.0,4.6 mg/mL at 25 °C,mg/mL,128.171,4.6,4.54767869114566,1.1505058384227802
126,C[C@]12CC[C@H]3[C@H]([C@@H]1CC[C@@H]2C(=O)CO)CCC4=CC(=O)CC[C@]34C,6166.0,0.0595 mg/mL at 37 °C,mg/mL,330.46800000000013,0.0595,0.05876644400767429,1.2482565598658815
30,C1=CC=C(C=C1)CC(=O)O,999.0,"In water, 1.73X10+4 mg/L at 25 °C",mg/L,136.14999999999998,17.3,17.539517646302016,1.3655885591159054
88,CCN1C=C(C(=O)C2=CN=C(N=C21)N3CCNCC3)C(=O)O,4831.0,0.322 mg/mL at 25 °C,mg/mL,303.32200000000006,0.322,0.317617125451895,1.3799238759148076
132,CC1=CC=C(C=C1)S(=O)(=O)N,6269.0,"In water, 3.16X10+3 mg/L at 25 °C",mg/L,171.22099999999998,3.16,3.1157100071205996,1.4215056208113328
9,C[N+](C)(C)CC(=O)O,248.0,611.0 mg/mL at 19 °C,mg/mL,118.15599999999998,611.0,620.0915455671262,1.466161832413185
174,C1=COC(=C1)C=O,7362.0,"50 to 100 mg/mL at 64 °F (NTP, 1992)",mg/mL,96.08499999999998,75.0,76.32302843348258,1.7334590367252383
281,CCC(C)C1CCCCC1=O,61771.0,566 mg/L @ 20 °C (exp),mg/L,154.253,0.566,0.5770052373817547,1.9073028577162674
12,C1=C(C=C(C=C1O)O)O,359.0,10.6 mg/mL at 20 °C,mg/mL,126.11099999999998,10.6,10.809096185301538,1.9344465227895018
214,CCCCC(=O)O,7991.0,"10 to 50 mg/mL at 72 °F (NTP, 1992)",mg/mL,102.13299999999998,30.0,30.668677158472512,2.1803260538995364
176,C1=CC(=CC(=C1)O)C(=O)O,7420.0,7.25 mg/mL at 25 °C,mg/mL,138.122,7.25,7.475640312250551,3.0183409423910836
189,CCCC(=O)OCCC,7770.0,1.62 mg/mL at 17 °C,mg/mL,130.18699999999998,1.62,1.5651919994953716,3.501679060607197
111,C[C@]12CC[C@H](C[C@@H]1CC[C@@H]3[C@@H]2CC[C@]4([C@H]3CCC4=O)C)O,5879.0,0.012 mg/mL at 23 °C,mg/mL,290.447,0.012,0.011562903336575153,3.7801636033940293
191,CCCCCCC(=O)OCC,7797.0,0.29 mg/mL,mg/mL,158.241,0.29,0.3085453593103129,6.010577942824065
223,C(CCC#N)CC#N,8128.0,"50 to 100 mg/mL at 73 °F (NTP, 1992)",mg/mL,108.144,75.0,79.99341545004373,6.242283095365693
291,COC1=CC=C(C=C1)NC(=O)C2=CC3=CC=CC=C3C=C2O,66721.0,1.5 [ug/mL] (The mean of the results at pH 7.4),ug/mL,293.322,0.0015,0.0016000032711142825,6.250191666460638
244,CCOC(=O)C,8857.0,"50 to 100 mg/mL at 70 °F (NTP, 1992)",mg/mL,88.106,75.0,80.35362701229178,6.662582899304385
37,CCCN1C2=C(C(=O)N(C1=O)CCC)NC(=N2)C3CCCC3,1329.0,3.1 [ug/mL] (The mean of the results at pH 7.4),ug/mL,304.3940000000001,0.0031,0.0033376138403680886,7.119272981618613
276,CC(C)C(=O)OCCOC1=CC=CC=C1,61005.0,210 mg/L @ 20 °C (exp),mg/L,208.257,0.21,0.19600037666581377,7.142651239928982
147,CC(C)CO,6560.0,"50 to 100 mg/mL at 61 °F (NTP, 1992)",mg/mL,74.12299999999999,75.0,81.2742533327213,7.719853551943078
196,C(CBr)Cl,7849.0,"5 to 10 mg/mL at 70 °F (NTP, 1992)",mg/mL,143.411,7.5,6.8640820170081875,9.264428679845333
275,CC(C)COC(=O)CC1=CC=CC=C1,60998.0,93 mg/L @ 20 °C (exp),mg/L,192.258,0.093,0.10300042867046352,9.709113641127256
357,C[C@@H](CCC(=O)O)CC(=O)O,6999745.0,248 mg/mL at 26 °C,mg/mL,160.16899999999998,248.0,221.09476727717941,12.1690952048134
127,CCCCCC=O,6184.0,"In water, 5.64X10+3 mg/L at 30 °C",mg/L,100.161,5.64,5.019941450734121,12.35190799237709
1,C(CCl)Cl,11.0,"5 to 10 mg/mL at 66 °F (NTP, 1992)",mg/mL,98.96,7.5,8.619055686205373,12.983506859068092
154,COC1=C(C=C(C=C1Cl)Cl)Cl,6884.0,0.01 mg/mL at 20 °C,mg/mL,211.475,0.01,0.011554709563626508,13.455202444210585
193,C1C(O1)CCl,7835.0,"50 to 100 mg/mL at 72 °F (NTP, 1992)",mg/mL,92.525,75.0,65.78497456334408,14.007796609821307
10,CC(C)C1=CC=C(C=C1)C=O,326.0,282 mg/L @ 20 °C (exp),mg/L,148.20499999999996,0.282,0.24300131159817767,16.048756340175558
350,C1=CC=C(C=C1)/C=C\C(=O)O,5372954.0,0.57 mg/mL at 25 °C,mg/mL,148.16099999999997,0.57,0.4906071808998217,16.182563605074847
366,CC1=CC(=NO1)NC(=O)C2=C(C3=CC=CC=C3S(=O)(=O)N2C)O,54677972.0,33.9 [ug/mL] (The mean of the results at pH 7.4),ug/mL,335.34100000000007,0.0339,0.0290706059333647,16.612636412550806
207,C1=CC(=CC(=C1)Cl)O,7933.0,"10 to 50 mg/mL at 59 °F (NTP, 1992)",mg/mL,128.558,30.0,25.650693268776923,16.955903240702003
83,C1=CC(=CC=C1O)Cl,4684.0,"10 to 50 mg/mL at 59 °F (NTP, 1992)",mg/mL,128.558,30.0,25.650693268776923,16.955903240702003
123,C1=CC=C(C=C1)N,6115.0,"10 to 50 mg/mL at 73 °F (NTP, 1992)",mg/mL,93.129,30.0,36.231385308172364,17.19886020137025
329,CCCCCCOC(=O)C1=CC=C(C=C1)N,1563370.0,20.4 [ug/mL] (The mean of the results at pH 7.4),ug/mL,221.3,0.0204,0.02483026839370244,17.84220904686662
186,C1=CC=C(C=C1)NC=O,7671.0,"10 to 50 mg/mL at 77 °F (NTP, 1992)",mg/mL,121.13899999999995,30.0,25.309524399552735,18.53245255185496
252,C1=CC=C2C(=C1)C=CO2,9223.0,"0.1 to 1 mg/mL at 64 °F (NTP, 1992)",mg/mL,118.13499999999996,0.55,0.6779999996324274,18.879056003218526
233,CCOC(=O)C1=CC=C(C=C1)O,8434.0,"In water, 8.85X10+2 mg/L at 25 °C",mg/L,166.176,0.885,0.7422809260927843,19.22709703164001
188,CCCC(=O)OCC,7762.0,"In water, 4.9X10+3 mg/L at 20 °C",mg/L,116.15999999999998,4.9,6.0961634582613575,19.62157784073766
46,C=CC1CN2CCC1CC2C(C3=CC=NC4=CC=CC=C34)O,2757.0,0.2 mg/mL at 25 °C,mg/mL,294.398,0.2,0.2505733361707033,20.183047782965293
29,C1=CC=C(C=C1)O,996.0,"50 to 100 mg/mL at 66 °F (NTP, 1992)",mg/mL,94.11299999999996,75.0,94.11299999999996,20.308565235408462
230,C1(C(C(C1(F)F)(F)F)(F)F)(F)F,8263.0,0.0236 mg/mL at 25 °C,mg/mL,200.028,0.0236,0.029673111054110194,20.4667149428168
200,C(C#N)Cl,7856.0,"50 to 100 mg/mL at 70.7 °F (NTP, 1992)",mg/mL,75.49799999999999,75.0,61.27294825233407,22.403119384977575
238,CN(C)CCC1=CC2=C(C(=C1CC(=O)C3=C(C(=C(C=C3)OC)OC)C(=O)O)OC)OCO2,8564.0,0.78 mg/mL at 13 °C,mg/mL,445.46800000000025,0.78,1.0068263721219353,22.528846919641932
220,CCCOC=O,8073.0,22 mg/mL at 22 °C,mg/mL,88.10599999999998,22.0,28.51054273744182,22.83556225989262
260,CCCCCCCCCCCCCCCCC(=O)O,10465.0,4.2 mg/L @ 25 °C (exp),mg/L,270.4569999999999,0.0042,0.005522023193014861,23.94092068803999
49,C1CNP(=O)(OC1)N(CCCl)CCCl,2907.0,"10 to 50 mg/mL at 73 °F (NTP, 1992)",mg/mL,261.08899999999994,30.0,39.872765458099,24.760673970492398
221,CCSSCC,8077.0,0.3 mg/mL at 25 °C,mg/mL,122.258,0.3,0.40170809821134024,25.318906605121818
247,CCCCCC(=O)O,8892.0,"5 to 10 mg/mL at 72 °F (NTP, 1992)",mg/mL,116.15999999999998,7.5,10.11711306092983,25.86818043021158
47,CN(C)CCCC1(C2=C(CO1)C=C(C=C2)C#N)C3=CC=C(C=C3)F,2771.0,39.5 [ug/mL] (The mean of the results at pH 7.4),ug/mL,324.399,0.0395,0.03109000098300835,27.050494535487385
23,C1=CC(=C(C=C1CC(C(=O)O)N)O)O,836.0,3.6 mg/mL,mg/mL,197.19,3.6,4.95318885429374,27.319548963304907
362,CC1([C@@H](N2[C@H](S1)[C@@H](C2=O)NC(=O)CC3=CC=CC=C3)C(=O)[O-])C.[Na+],23668834.0,"50 to 100 mg/mL at 77 °F (NTP, 1992)",mg/mL,356.3790000000001,75.0,103.90203792883413,27.816622758285142
198,CCC#N,7854.0,"50 to 100 mg/mL at 73 °F (NTP, 1992)",mg/mL,55.07999999999999,75.0,103.98118317130877,27.871565111509007
98,C1=CC2=C(C=C1O)C(=CN2)CCN,5202.0,25.5 mg/mL,mg/mL,176.21899999999994,25.5,19.923704632856637,27.988245509057418
62,C(C(=O)O)NCP(=O)(O)O,3496.0,"5 to 10 mg/mL at 64 °F (NTP, 1992)",mg/mL,169.073,7.5,10.499636374739136,28.568954844530627
195,CCCC,7843.0,"61 mg/L at 68 °F (NTP, 1992)",mg/L,58.124,0.061,0.0854733645545846,28.632738025605082
330,CCCCC[C@@H]1[C@H](CCC1=O)CC(=O)OC,1738124.0,0.28 mg/mL,mg/mL,226.31599999999997,0.28,0.39631017447283207,29.348268594806253
8,C1=CC=C(C=C1)CO,244.0,"10 to 50 mg/mL at 70 °F (NTP, 1992)",mg/mL,108.13999999999996,30.0,43.05130942365517,30.315708391633585
298,CC(=O)N[C@@H](CC1=CC=C(C=C1)O)C(=O)O,68310.0,297 mg/mL,mg/mL,223.228,297.0,226.99898287570397,30.837590652388926
53,C1CCN(CC1)C2=NC(=NC3=C2N=C(N=C3N4CCCCC4)N(CCO)CCO)N(CCO)CCO,3108.0,10.7 [ug/mL] (The mean of the results at pH 7.4),ug/mL,504.6360000000005,0.0107,0.008173000156312315,30.918876732627826
288,CN(C)CCCOC1=NN(C2=CC=CC=C21)CC3=CC=CC=C3.Cl,65464.0,22.5 [ug/mL] (The mean of the results at pH 7.4),ug/mL,345.874,0.0225,0.03270028362420773,31.193257347335518
11,CC1=CC(=CC=C1)O,342.0,"10 to 50 mg/mL at 68 °F (NTP, 1992)",mg/mL,108.13999999999996,30.0,22.59364835905557,32.78068031883815
348,CC/C=C/C#N,5364360.0,"5 to 10 mg/mL at 66 °F (NTP, 1992)",mg/mL,81.11800000000001,7.5,11.199723874106226,33.03406330097112
40,C1CN(CCN1)C2=NC3=CC=CC=C3OC4=C2C=C(C=C4)Cl,2170.0,34.4 [ug/mL] (The mean of the results at pH 7.4),ug/mL,313.788,0.0344,0.02559024466345088,34.426225510581396
359,C[C@H](CCC(=O)NCC(=O)O)[C@H]1CC[C@@H]2[C@@]1(CC[C@H]3[C@H]2[C@H](C[C@H]4[C@@]3(CC[C@H](C4)O)C)O)C,12310288.0,0.00135 mg/mL,mg/mL,449.6320000000002,0.00135,0.0020615763306329133,34.51612826843312
133,CCCCCO,6276.0,"10 to 50 mg/mL at 63 °F (NTP, 1992)",mg/mL,88.14999999999999,30.0,22.142278893756945,35.487409150367775
17,C(C(=O)CO)O,670.0,"In water, 9.3X10+5 mg/L at 25 dege C",mg/L,90.078,930.0,684.0801079871538,35.948990350917235
190,CCCC(=O)OCCC(C)C,7795.0,118 mg/L @ 25 °C (exp),mg/L,158.241,0.118,0.1847011671347704,36.11301875862037
208,CC1=CC(=NC=C1)C,7936.0,350 mg/mL at 25 °C,mg/mL,107.156,350.0,257.04934027045255,36.16062956308315
292,CC(C)[C@@H](C(=O)O)NC(=O)C,66789.0,37.1mg/mL at 25 °C,mg/mL,159.18499999999997,37.1,59.3865455756947,37.52793727880339
131,C1=CC(=C(C=C1[N+](=O)[O-])[N+](=O)[O-])F,6264.0,"0.1 to 1.0 mg/mL at 67.5 °F (NTP, 1992)",mg/mL,186.098,0.55,0.39893166977481515,37.868221971561795
225,C=CCCCCCCCCC=O,8187.0,30 mg/L @ 20 °C (exp),mg/L,168.28,0.03,0.021520404610245524,39.40258347056111
22,CCC(C)C(C(=O)O)N,791.0,21.4 mg/mL at 25 °C,mg/mL,131.17499999999995,21.4,35.42199981662996,39.58556797814363
185,B(O)(O)O,7628.0,"10 to 50 mg/mL at 66 °F (NTP, 1992)",mg/mL,61.833000000000006,30.0,50.00161651903051,40.001939760123435
219,C(CC#N)C#N,8062.0,"50 to 100 mg/mL at 70 °F (NTP, 1992)",mg/mL,80.09,75.0,126.96704357321416,40.92955314285784
311,CC(=O)N[C@@H](CCC(=O)O)C(=O)O,70914.0,52 mg/mL,mg/mL,189.167,52.0,36.799793056031426,41.30514245236302
18,C(C(C=O)O)O,751.0,17 mg/mL,mg/mL,90.078,17.0,29.207606704573774,41.79598427235094
170,COC(=O)C=C,7294.0,"10 to 50 mg/mL at 72 °F (NTP, 1992)",mg/mL,86.09,30.0,51.87435476514146,42.167955368652784
24,CSCCC(C(=O)O)N,876.0,32.7 mg/mL at 25 °C,mg/mL,149.215,32.7,56.72996077197254,42.358500596468865
259,C(CCCC(=O)O)CCC(=O)O,10457.0,11.9 mg/mL,mg/mL,174.19599999999997,11.9,8.345264551992733,42.59583894387682
128,C[C@H]1C[C@@H](C(=O)[C@@H](C1)[C@@H](CC2CC(=O)NC(=O)C2)O)C,6197.0,"10 to 50 mg/mL at 68 °F (NTP, 1992)",mg/mL,281.352,30.0,20.85691190104958,43.83720918191305
45,CN1C=NC2=C1C(=O)N(C(=O)N2C)C,2519.0,"10 to 50 mg/mL at 73 °F (NTP, 1992)",mg/mL,194.194,30.0,20.808261996131176,44.173501879098886
169,C(C(CBr)Br)O,7281.0,"50 to 100 mg/mL at 68 °F (NTP, 1992)",mg/mL,217.888,75.0,52.00155553669634,44.226454816479816
173,CCOC(=O)C(=C)C,7343.0,"5 to 10 mg/mL at 68 °F (NTP, 1992)",mg/mL,114.144,7.5,5.152274036430226,45.5667914200543
203,CCCC(=O)C,7895.0,"10 to 50 mg/mL at 72 °F (NTP, 1992)",mg/mL,86.13399999999999,30.0,55.61278136367101,46.055566248665514
246,CCCCCCC(=O)OCC=C,8878.0,63 mg/L @ 20 °C (exp),mg/L,170.25199999999998,0.063,0.043000252560327266,46.510767376573106
0,C1=CC(=C(C=C1[N+](=O)[O-])[N+](=O)[O-])Cl,6.0,13.8 [ug/mL] (The mean of the results at pH 7.4),ug/mL,202.553,0.0138,0.009240136861469737,49.34843722439162
320,C([C@@H]1[C@H]([C@@H]([C@H]([C@H](O1)O)O)O)O)O,79025.0,500 mg/mL at 20 Â°C,mg/mL,180.156,500.0,990.0308567069421,49.49652360704103
232,CC1=C(C(=O)C=CO1)O,8369.0,"1 to 10 mg/mL at 72 °F (NTP, 1992)",mg/mL,126.11099999999996,5.5,10.904140919256331,49.56044643290337
272,CSC1=NC2=CC(=C(C=C2N1)Cl)OC3=C(C(=CC=C3)Cl)Cl,50248.0,0.5 [ug/mL] (The mean of the results at pH 7.4),ug/mL,359.665,0.0005,0.0010000225206239289,50.001126005838096
361,CN(C)C1=CC=C(C=C1)N=NS(=O)(=O)[O-].[Na+],23668198.0,"10 to 50 mg/mL at 72.5 °F (NTP, 1992)",mg/mL,251.243,30.0,19.998341049304845,50.01244316234331
167,CC1=CC=CC=C1N,7242.0,"5 to 10 mg/mL at 59 °F (NTP, 1992)",mg/mL,107.156,7.5,15.136187313159589,50.44987324199267
135,C(Cl)Cl,6344.0,"10 to 50 mg/mL at 70 °F (NTP, 1992)",mg/mL,84.933,30.0,19.910238597156695,50.676245558826125
336,CN1CCC(CC1)OC(=O)C(C2=CC=CC=C2)C3=CC=CC=C3.Cl,2947724.0,43.1 [ug/mL] (The mean of the results at pH 7.4),ug/mL,345.87000000000006,0.0431,0.028000242840244226,53.92723643829679
81,CC1=CN=C(C(=C1OC)C)CS(=O)C2=NC3=C(N2)C=C(C=C3)OC,4594.0,35.4 [ug/mL] (The mean of the results at pH 7.4),ug/mL,345.42400000000004,0.0354,0.08229185884768858,56.98237894282987
136,C(Cl)(Cl)Br,6359.0,"5 to 10 mg/mL at 66 °F (NTP, 1992)",mg/mL,163.829,7.5,4.7248799712572875,58.73419104029123
21,C1=CC(=CC=C1O)O,785.0,"10 to 50 mg/mL at 68 °F (NTP, 1992)",mg/mL,110.11199999999997,30.0,74.44484858636187,59.701711307535746
199,C=CC#N,7855.0,"10 to 50 mg/mL at 70.9 °F (NTP, 1992)",mg/mL,53.06399999999999,30.0,74.95489226786182,59.975928065121096
108,C1=CC(=C(C(=C1)Cl)C(=O)O)Cl,5758.0,"1 to 10 mg/mL at 66 °F (NTP, 1992)",mg/mL,191.013,5.5,14.12043971143304,61.04937160316077
182,C1CCN(CC1)N=O,7526.0,"10 to 50 mg/mL at 72 °F (NTP, 1992)",mg/mL,114.148,30.0,77.17351947504392,61.126562318177946
197,C=CCCl,7850.0,"1 to 10 mg/mL at 66 °F (NTP, 1992)",mg/mL,76.526,5.5,3.340481057801093,64.64694470144468
242,CCOC(=O)C=C,8821.0,"10 to 50 mg/mL at 70 °F (NTP, 1992)",mg/mL,100.117,30.0,18.218299086145574,64.66959872677701
27,C(=O)(C(=O)O)O,971.0,"50 to 100 mg/mL at 75 °F (NTP, 1992)",mg/mL,90.03399999999999,75.0,215.97652303100077,65.27400342062425
149,CC(=C)C(=O)OC,6658.0,"1 to 10 mg/mL at 63.5 °F (NTP, 1992)",mg/mL,100.117,5.5,15.86747517496293,65.33790070975896
51,C(C(CS)S)O,3080.0,"10 to 50 mg/mL at 68 °F (NTP, 1992)",mg/mL,124.22999999999996,30.0,86.9860544186186,65.51171311251154
85,C1=CC=C2C(=C1)N=C3C=CC=CC3=N2,4757.0,12.3 [ug/mL] (The mean of the results at pH 7.4),ug/mL,180.21,0.0123,0.03595662217805416,65.79211490141806
15,CCC=O,527.0,"50 to 100 mg/mL at 64 °F (NTP, 1992)",mg/mL,58.08,75.0,220.8140013829819,66.03476250135095
335,CC(=O)OC[C@@H]1[C@H]([C@@H]([C@H]([C@@H](O1)OC(=O)C)OC(=O)C)OC(=O)C)OC(=O)C,2724702.0,1.5 mg/mL at 18 Â°C,mg/mL,390.3410000000002,1.5,0.8999792499332275,66.67050936022025
109,CC1=CN(C(=O)NC1=O)[C@H]2C[C@@H]([C@H](O2)CO)O,5789.0,73.5 mg/mL,mg/mL,242.231,73.5,43.86999996663544,67.54046057875345
122,CCOS(=O)(=O)C,6113.0,"50 to 100 mg/mL at 81 °F (NTP, 1992)",mg/mL,124.161,75.0,236.35913454574916,68.26862640864715
64,C1CN(CCC1(C2=CC=C(C=C2)Cl)O)CCCC(=O)C3=CC=C(C=C3)F,3559.0,23.5 [ug/mL] (The mean of the results at pH 7.4),ug/mL,375.871,0.0235,0.013964931809598341,68.27865914710762
141,C1C=CCS1(=O)=O,6498.0,"50 to 100 mg/mL at 61 °F (NTP, 1992)",mg/mL,118.15699999999998,75.0,247.31465149017552,69.67425926927773
367,C[C@@]1([C@H]2C[C@H]3[C@@H](C(=O)C(=C([C@]3(C(=O)C2=C(C4=C1C=CC=C4O)O)O)O)C(=O)N)N(C)C)O.Cl,54704426.0,"50 to 100 mg/mL at 72 °F (NTP, 1992)",mg/mL,480.9010000000001,75.0,249.00154806947276,69.87970533457302
56,C1CC1C#CC2(C3=C(C=CC(=C3)Cl)NC(=O)O2)C(F)(F)F,3203.0,19.6 [ug/mL] (The mean of the results at pH 7.4),ug/mL,315.67799999999994,0.0196,0.06799978466285146,71.17637931181928
71,CC1=NN(C(=O)C1)C2=CC=CC=C2,4021.0,25.4 [ug/mL] (The mean of the results at pH 7.4),ug/mL,174.203,0.0254,0.09346000003400516,72.82259791273457
194,CC(=C)C(=O)OCC1CO1,7837.0,"5 to 10 mg/mL at 68 °F (NTP, 1992)",mg/mL,142.154,7.5,28.722792023822464,73.88833232584228
112,C[C@]12CC[C@@H](CC1CC[C@@H]3[C@@H]2CC[C@]4([C@H]3CCC4=O)C)O,11055399.0,0.0202 mg/mL at 23 °C,mg/mL,290.447,0.0202,0.011562903336575153,74.69660873237994
290,CCOC(=O)C1=NN(C(=O)C1)C2=CC=CC=C2,66636.0,32.1 [ug/mL] (The mean of the results at pH 7.4),ug/mL,232.239,0.0321,0.12900033341928407,75.11634338520136
110,COP(=O)(C(C(Cl)(Cl)Cl)O)OC,5853.0,"10 to 50 mg/mL at 70 °F (NTP, 1992)",mg/mL,257.43699999999995,30.0,155.12113216022442,80.66027524282569
205,CC(C)OC(=O)C,7915.0,"1 to 10 mg/mL at 68 °F (NTP, 1992)",mg/mL,102.133,5.5,28.784990391883245,80.89281974695088
339,CN(C)CCC(C1=CC=C(C=C1)Cl)C2=CC=CC=N2.C(=C\C(=O)O)\C(=O)O,5281068.0,"10 to 50 mg/mL at 70 °F (NTP, 1992)",mg/mL,390.8670000000001,30.0,160.00122381644678,81.25014341489289
340,CN(C)CCC(C1=CC=C(C=C1)Cl)C2=CC=CC=N2.C(=C/C(=O)O)\C(=O)O,6433151.0,"10 to 50 mg/mL at 70 °F (NTP, 1992)",mg/mL,390.8670000000001,30.0,160.00122381644678,81.25014341489289
102,C1=CC(=CC=C1NC(=O)CCC(=O)O)S(=O)(=O)NC2=NC=CS2,5315.0,51.4 [ug/mL] (The mean of the results at pH 7.4),ug/mL,355.397,0.0514,0.2759108686465567,81.37079548473906
52,CNC(=O)CSP(=S)(OC)OC,3082.0,"1 to 10 mg/mL at 75 °F (NTP, 1992)",mg/mL,229.263,5.5,29.716703951890096,81.49189086076224
187,COC1=CC=C(C=C1)CC(=O)O,7690.0,18 mg/mL,mg/mL,166.176,18.0,9.753000577129237,84.55858643349163
80,CN1CCC2=CC3=C(C(=C2C1C4C5=C(C(=C(C=C5)OC)OC)C(=O)O4)OC)OCO3,4544.0,0.044 mg/mL at 20 °C,mg/mL,413.4260000000003,0.044,0.29950066122996294,85.30888051488613
365,C[C@@]1([C@H]2[C@@H]([C@H]3[C@@H](C(=O)C(=C([C@]3(C(=O)C2=C(C4=C1C=CC=C4O)O)O)O)C(=O)N)N(C)C)O)O,54675779.0,47 [ug/mL] (The mean of the results at pH 7.4),ug/mL,460.43900000000014,0.047,0.3259658490160482,85.58131161841864
142,C(C(CO)(CO)N)O,6503.0,79.1 mg/mL in ethylene glycol; 26 mg/mL in methanol; 14.6 mg/mL in anhyd ethanol; 22 mg/mL in 95% ethanol; 14 mg/mL in dimethyl formamide; 20 mg/mL in acetone; 0.5 mg/mL in ethyl acetate; 0.4 mg/mL in olive oil; 0.1 mg/mL in cyclohexane; 0.05 mg/mL in chloroform; less than 0.05 mg/mL in carbon tetrachloride,mg/mL,121.136,79.1,551.2239630795225,85.65011586976514
65,C(C(F)(F)F)(Cl)Br,3562.0,"0.1 to 1.0 mg/mL at 64 °F (NTP, 1992)",mg/mL,197.381,0.55,3.848622769448428,85.70917356811188
89,C1CN(CCN1CCOCCO)C2=NC3=CC=CC=C3SC4=CC=CC=C42,5002.0,49.4 [ug/mL] (The mean of the results at pH 7.4),ug/mL,383.5170000000001,0.0494,0.352835759959524,85.99915155831512
79,CC1=C(C(=O)N(N1C)C2=CC=CC=C2)NC(=O)C3=CN=CC=C3,4487.0,45.2 [ug/mL] (The mean of the results at pH 7.4),ug/mL,308.34100000000007,0.0452,0.3614999999402124,87.49654218327095
35,C(CC(=O)O)C(=O)O,1110.0,"5 to 10 mg/mL at 72 °F (NTP, 1992)",mg/mL,118.08799999999998,7.5,74.50849089497704,89.93403314184476
332,C1=CC=C2C(=C1)C=CC(=S)N2,1800393.0,22.6 [ug/mL] (The mean of the results at pH 7.4),ug/mL,161.22899999999998,0.0226,0.2560111151508705,91.1722582878163
43,C1COC1=O,2365.0,"10 to 50 mg/mL at 66 °F (NTP, 1992)",mg/mL,72.06299999999999,30.0,370.2252805931966,91.896825643043
328,CC1=CC=CC=C1C(=O)NNC(=O)C2=CC=NC=C2,811997.0,35.5 [ug/mL] (The mean of the results at pH 7.4),ug/mL,255.277,0.0355,0.47534801798588683,92.53178752055847
32,C(COP(=O)(O)O)N,1015.0,72 mg/mL,mg/mL,141.06299999999996,72.0,999.9999995121257,92.7999999964873
72,CCN(CC)CCNC(=O)COC1=CC=C(C=C1)OC,4045.0,32 [ug/mL] (The mean of the results at pH 7.4),ug/mL,280.36800000000005,0.032,0.4693999830878832,93.1827862903845
104,C1=CC=NC(=C1)NS(=O)(=O)C2=CC=C(C=C2)N,5336.0,33.1 [ug/mL] (The mean of the results at pH 7.4),ug/mL,249.295,0.0331,0.49740891881016663,93.34551538014692
277,CCC(=O)OC(C)(CCC=C(C)C)C=C,61098.0,17 mg/L @ 20 °C (exp),mg/L,210.317,0.017,0.008720058054372412,94.9528305201576
222,CCCCCCC(=O)O,8094.0,"1 to 10 mg/mL at 73 °F (NTP, 1992)",mg/mL,130.187,5.5,2.8210017776855416,94.96620113839175
334,CC(=S)N,2723949.0,"5 to 10 mg/mL at 68 °F (NTP, 1992)",mg/mL,75.13600000000001,7.5,162.8726156197326,95.39517433826282
145,CC1=CC(=O)CC(C1)(C)C,6544.0,"0.1 to 1 mg/mL at 64 °F (NTP, 1992)",mg/mL,138.21,0.55,12.03758777678299,95.43097828070844
301,COC1=C(C=C2C(=C1)C(=NC(=N2)N3CCN(CC3)C(=O)C4=CC=CO4)N)OC.Cl,68546.0,61.9 [ug/mL] (The mean of the results at pH 7.4),ug/mL,419.8690000000001,0.0619,1.4000100031619178,95.5786030199642
321,C1=CC=C(C=C1)C(=NN)C2=CC=CC=C2,79304.0,8.1 [ug/mL] (The mean of the results at pH 7.4),ug/mL,196.253,0.0081,0.1893999902293269,95.7233366325983
235,C1=CC(=CC=C1NC(=O)N)[As](=O)(O)O,8480.0,"1 to 10 mg/mL at 71.1 °F (NTP, 1992)",mg/mL,260.081,5.5,133.30000519351537,95.87396865287778
325,CN1C(=NNC1=S)C2=CC=CC=C2,719799.0,23.6 [ug/mL] (The mean of the results at pH 7.4),ug/mL,191.259,0.0236,0.5900215942756101,96.00014639651036
84,CCOC1=CC=C(C=C1)NC(=O)C,4754.0,26.1 [ug/mL] (The mean of the results at pH 7.4),ug/mL,179.21899999999997,0.0261,0.764511547801026,96.5860554918926
118,CC1=NC=C(C(=C1O)CO)CO.Cl,6019.0,"5 to 10 mg/mL at 68 °F (NTP, 1992)",mg/mL,205.641,7.5,220.00320928012894,96.59095882076416
258,C1=CC=NC(=C1)N,10439.0,"10 to 50 mg/mL at 66 °F (NTP, 1992)",mg/mL,94.117,30.0,894.3800833518573,96.64572137076561
48,CCN(C1=CC=CC=C1C)C(=O)C=CC,2883.0,17.7 [ug/mL] (The mean of the results at pH 7.4),ug/mL,203.285,0.0177,0.5493000000809114,96.77771709495852
283,C1=CC=C(C=C1)C2=NC(=O)NC3=C2C=C(C=C3)Br,63441.0,1.8 [ug/mL] (The mean of the results at pH 7.4),ug/mL,301.14300000000003,0.0018,0.058629998024058404,96.92989926545556
257,C1COC1,10423.0,"10 to 50 mg/mL at 68 °F (NTP, 1992)",mg/mL,58.07999999999999,30.0,1000.0306333521586,97.00009189724136
327,CC1=C(C(=O)N(N1C)C2=CC=CC=C2)NC(=O)NC3=CC=CC=C3,735751.0,47.9 [ug/mL] (The mean of the results at pH 7.4),ug/mL,322.3680000000001,0.0479,1.5999900719679283,97.00623142360597
183,C1=CC=C(C=C1)NC(=NC2=CC=CC=C2)N,7594.0,29.5 [ug/mL] (The mean of the results at pH 7.4),ug/mL,211.268,0.0295,1.000034090396844,97.05010056324245
82,CCS(=O)CCSP(=O)(OC)OC,4618.0,"10 to 50 mg/mL at 61 °F (NTP, 1992)",mg/mL,246.29,30.0,1095.5354725747304,97.26161308775389
360,CCN(CC)CC(=O)NC1=C(C=CC=C1C)C.O.Cl,16219577.0,40.1 [ug/mL] (The mean of the results at pH 7.4),ug/mL,288.819,0.0401,1.470015218867656,97.27213708502359
251,C1=CC=C2C(=C1)C=NC3=CC=CC=C23,9189.0,7.7 [ug/mL] (The mean of the results at pH 7.4),ug/mL,179.22199999999998,0.0077,0.2974344847247746,97.41119460067819
307,C1CN(CCN1)C(C2=CC=CC=C2)C3=CC=CC=C3,70048.0,25 [ug/mL] (The mean of the results at pH 7.4),ug/mL,252.361,0.025,1.040000041581569,97.59615394226509
163,CC1=CC2=C(C=C1)N=C(S2)C3=CC=C(C=C3)N,7087.0,1.1 [ug/mL] (The mean of the results at pH 7.4),ug/mL,240.331,0.0011,0.0502122628424282,97.80930008382231
76,CCN(CC)C(=O)C1=CC=CC(=C1)C,4284.0,19.6 [ug/mL] (The mean of the results at pH 7.4),ug/mL,191.274,0.0196,0.9120076287109087,97.85089516984591
177,C1=CC(=CC(=C1)[N+](=O)[O-])N,7423.0,16.7 [ug/mL] (The mean of the results at pH 7.4),ug/mL,138.12599999999998,0.0167,0.8918163603964082,98.12741717447558
215,C=CC(=O)NCNC(=O)C=C,8041.0,"0.1 to 1 mg/mL at 64 °F (NTP, 1992)",mg/mL,154.16899999999998,0.55,34.10017693473983,98.3871051430244
78,C1=CC=C(C=C1)CNC(=O)CCNNC(=O)C2=CC=NC=C2,4472.0,33.6 [ug/mL] (The mean of the results at pH 7.4),ug/mL,298.346,0.0336,2.2689999249682398,98.51917139219518
150,CC1=CNC2=CC=CC=C12,6736.0,6.8 [ug/mL] (The mean of the results at pH 7.4),ug/mL,131.17799999999997,0.0068,0.49848054204547787,98.63585447646629
106,C1CC(OC1)N2C=C(C(=O)NC2=O)F,5386.0,29.9 [ug/mL] (The mean of the results at pH 7.4),ug/mL,200.169,0.0299,3.636999819824332,99.17789382784615
166,CCC1=NN=C(S1)NS(=O)(=O)C2=CC=C(C=C2)N,7181.0,25.6 [ug/mL] (The mean of the results at pH 7.4),ug/mL,284.36600000000004,0.0256,3.2649585273058266,99.21591653352104
60,C1=CC(=C(C=C1F)F)C(CN2C=NC=N2)(CN3C=NC=N3)O,3365.0,34.9 [ug/mL] (The mean of the results at pH 7.4),ug/mL,306.276,0.0349,4.889183557265005,99.28617938780103
75,COC(=O)C(C1CCCCN1)C2=CC=CC=C2,4158.0,1255mg/L,mg/L,233.31100000000004,1.255,200.99999986046868,99.37562189011383
324,CN1C(=O)C(C(=O)N(C1=O)C)C2=CC=CC=C2,81873.0,30.5 [ug/mL] (The mean of the results at pH 7.4),ug/mL,232.239,0.0305,6.040000002419837,99.4950331127851
148,C1=CC(=CC=C1N)S(=O)(=O)NC2=NN=C(C=C2)Cl,6634.0,35 [ug/mL] (The mean of the results at pH 7.4),ug/mL,284.728,0.035,7.000518014804076,99.50003699831947
74,COC(=O)NC1=NC2=C(N1)C=C(C=C2)C(=O)C3=CC=CS3,4122.0,0.3 [ug/mL] (The mean of the results at pH 7.4),ug/mL,301.327,0.0003,0.08380194389827665,99.64201307744823
263,CC1([C@@H](N2[C@H](S1)[C@@H](C2=O)NC(=O)[C@@H](C3=CC=C(C=C3)O)N)C(=O)O)C,33613.0,10.7 [ug/mL] (The mean of the results at pH 7.4),ug/mL,365.4110000000001,0.0107,3.2843903150416147,99.67421655242993
316,COC1=CC=C(C=C1)C(=O)NN,76792.0,24.5 [ug/mL] (The mean of the results at pH 7.4),ug/mL,166.17999999999998,0.0245,11.743241199442622,99.79136935379339
315,C1=CC=C2C(=C1)N=NN2O,75771.0,8.4 [ug/mL] (The mean of the results at pH 7.4),ug/mL,135.126,0.0084,4.200551087135073,99.80002623880169
162,C1=CC=C2C(=C1)C=CC=N2,7047.0,12.4 [ug/mL] (The mean of the results at pH 7.4),ug/mL,129.16199999999995,0.0124,6.473434546976571,99.80844789717088
240,C1=CC=C(C=C1)N=NC2=C(N=C(C=C2)N)N.Cl,8691.0,30.4 [ug/mL] (The mean of the results at pH 7.4),ug/mL,249.705,0.0304,15.900191011122075,99.80880732829728
105,CNS(=O)(=O)CC1=CC2=C(C=C1)NC=C2CCN(C)C,5358.0,40.3 [ug/mL] (The mean of the results at pH 7.4),ug/mL,295.408,0.0403,21.360506149986872,99.81133405867341
265,CC1=CN(C(=O)NC1=O)[C@H]2C[C@@H]([C@H](O2)CO)N=[N+]=[N-],35370.0,31.1 [ug/mL] (The mean of the results at pH 7.4),ug/mL,267.245,0.0311,19.702702138166178,99.84215363059388
178,CC1=C(C=C(C=C1)[N+](=O)[O-])N,7444.0,13.5 [ug/mL] (The mean of the results at pH 7.4),ug/mL,152.153,0.0135,10.000197166799834,99.86500266169931
28,O=O,977.0,39mg/L,mg/L,31.998,0.039,37.51654481602432,99.89604586405477
323,C1=CC2=C(C=C1N)NN=C2,81423.0,18.2 [ug/mL] (The mean of the results at pH 7.4),ug/mL,133.15400000000002,0.0182,24.89999812270242,99.9269076250114
119,C1=CN(C(=O)NC1=O)[C@H]2[C@@H]([C@@H]([C@H](O2)CO)O)O,6029.0,34.9 [ug/mL] (The mean of the results at pH 7.4),ug/mL,244.203,0.0349,61.21999994753612,99.9429924860668
6,CC=O,177.0,"0.1 to 1.0 mg/mL at 66 °F (NTP, 1992)",mg/mL,44.053,0.55,1000.0058315847298,99.94500032073529
41,CC1=CC(=O)N(N1C)C2=CC=CC=C2,2206.0,25.2 [ug/mL] (The mean of the results at pH 7.4),ug/mL,188.23000000000005,0.0252,51.84284688293432,99.95139155830523
113,C1=NN(C(=O)NC1=O)[C@H]2[C@@H]([C@@H]([C@H](O2)CO)O)O,5901.0,36.2 [ug/mL] (The mean of the results at pH 7.4),ug/mL,245.191,0.0362,82.81000328909835,99.95628547450528
103,C1=CC=C(C=C1)N2C(=CC=N2)NS(=O)(=O)C3=CC=C(C=C3)N,5335.0,0.6 [ug/mL] (The mean of the results at pH 7.4),ug/mL,314.37000000000006,0.0006,1.5046694212346792,99.9601241314848
114,C1=CN=CC(=C1N)N,5918.0,12.2 [ug/mL] (The mean of the results at pH 7.4),ug/mL,109.13200000000002,0.0122,38.24999998713943,99.96810457515267
326,C1CC[C@H]2[C@H](C1)NC(=S)N2,720918.0,20.8 [ug/mL] (The mean of the results at pH 7.4),ug/mL,156.25400000000002,0.0208,131.0058773065306,99.98412284973189
67,C1=CN=CC=C1C(=O)NN,3767.0,13.7 [ug/mL] (The mean of the results at pH 7.4),ug/mL,137.14199999999997,0.0137,140.33644754736716,99.99023774633075
309,C1COCCN1CNC(=O)C2=NC=CN=C2,70374.0,30.6 [ug/mL] (The mean of the results at pH 7.4),ug/mL,222.248,0.0306,333.29999984828993,99.99081908190402
356,CC(C)NC[C@H](C1=CC(=C(C=C1)O)O)O.C(C(C(=O)O)O)(C(=O)O)O,6852409.0,49.3 [ug/mL] (The mean of the results at pH 7.4),ug/mL,361.3470000000001,0.0493,974.000052840135,99.99493839863189
38,C1=NNC(=N1)N,1639.0,7.6 [ug/mL] (The mean of the results at pH 7.4),ug/mL,84.08200000000001,0.0076,280.0066601158739,99.99728577884652
117,CC[N+](CC)(CC)CC.[Cl-],5946.0,20.3 [ug/mL] (The mean of the results at pH 7.4),ug/mL,165.708,0.0203,1000.0181046104984,99.9979700367517
34,CNCC(=O)O,1088.0,5.6 [ug/mL] (The mean of the results at pH 7.4),ug/mL,89.09399999999998,0.0056,300.95017876487174,99.99813922689032
36,C(CS(=O)(=O)O)N,1123.0,1.2 [ug/mL] (The mean of the results at pH 7.4),ug/mL,125.149,0.0012,85.21987354028474,99.99859187775087
73,CC(C)NCC(C1=CC(=CC(=C1)O)O)O,4086.0,9.7mg/L,mg/L,211.261,0.0097,1000.0000004225624,99.99903000000042
25,C1=CC(=CN=C1)C(=O)N,936.0,2.8 [ug/mL] (The mean of the results at pH 7.4),ug/mL,122.12699999999998,0.0028,497.52131187382867,99.99943721003841
3,C(CC(=O)O)CN,119.0,1.2 [ug/mL] (The mean of the results at pH 7.4),ug/mL,103.121,0.0012,1300.407135528892,99.99990772120768
333,C(=S)(N)NN,2723789.0,"In water, 1./0X10+4 mg/L at 20 °C",mg/L,91.139,0.0,10.020843026331708,100.0
134,CI,6328.0,"10 to 50 mg/mL at 64 °F (NTP, 1992)",mg/mL,141.939,30.0,14.1939,111.35840043962548
279,CCCOC(C)OCCC1=CC=CC=C1,61403.0,201 mg/L @ 20 °C (exp),mg/L,208.301,0.201,0.08600049538322153,133.7195839446462
304,C([C@@H](C(=O)O)N)OP(=O)(O)O,68841.0,71 mg/mL,mg/mL,185.072,71.0,28.339831532719828,150.53077650806344
61,CC1=CC=C(C=C1)S(=O)(=O)NC(=O)NN2CC3CCCC3C2,3475.0,42.6 [ug/mL] (The mean of the results at pH 7.4),ug/mL,323.4180000000002,0.0426,0.01658686030877193,156.82979905166906
168,C1=CC=C(C(=C1)O)Cl,7245.0,"10 to 50 mg/mL at 59 °F (NTP, 1992)",mg/mL,128.558,30.0,11.196933719757379,167.93049553436185
159,C1=CC=C(C(=C1)N)S(=O)(=O)O,6926.0,"10 to 50 mg/mL at 72 °F (NTP, 1992)",mg/mL,173.19299999999998,30.0,10.600183612238197,183.01396558229607
346,C(/C=C/CC(=O)O)C(=O)O,5351896.0,17 mg/mL,mg/mL,144.12599999999998,17.0,5.89986852296541,188.14201424704643
144,CC(C)C(=O)OC(C)(CCC=C(C)C)C=C,6532.0,10 mg/L @ 20 °C (exp),mg/L,224.34399999999997,0.01,0.003470024746488562,188.18238285243777
115,C1=CC(=C(C=C1OC2=C(C=C(C=C2I)C[C@@H](C(=O)O)N)I)I)O,5920.0,11.4 [ug/mL] (The mean of the results at pH 7.4),ug/mL,650.9760000000001,0.0114,0.003922518291043414,190.6296199059286
343,CC(COC1=CC=CC=C1)N(CCCl)CC2=CC=CC=C2.Cl,5284441.0,45.8 [ug/mL] (The mean of the results at pH 7.4),ug/mL,340.2939999999999,0.0458,0.015200268440639495,201.3104681595553
210,C1CCC(=O)CC1,7967.0,"50 to 100 mg/mL at 64 °F (NTP, 1992)",mg/mL,98.145,75.0,24.652909382050773,204.22372807083698
125,C1=CC=C(C=C1)C[C@@H](C(=O)O)N,6140.0,"10 to 50 mg/mL at 77 °F (NTP, 1992)",mg/mL,165.19199999999998,30.0,9.727226111550044,208.41269295033862
345,C1CCN(C1)CC2=NC3=CC=CC=C3N2CC4=CC=C(C=C4)Cl.Cl,5309446.0,49.5 [ug/mL] (The mean of the results at pH 7.4),ug/mL,362.304,0.0495,0.015400255030203642,221.42324853009563
137,C=C(Cl)Cl,6366.0,"5 to 10 mg/mL at 70 °F (NTP, 1992)",mg/mL,96.944,7.5,2.2208587372991904,237.70720640795142
349,CC1CC=C(C(C1(C)C)/C=C/C(=O)C)C,5371002.0,110 mg/L @ 20 °C (exp),mg/L,206.329,0.11,0.032500283497936565,238.45858608274563
50,COP(=O)(OC)OC=C(Cl)Cl,3039.0,"10 to 50 mg/mL at 68 °F (NTP, 1992)",mg/mL,220.976,30.0,8.620047737192392,248.0259148747035
255,C1=CC=C(C=C1)F,10008.0,"1 to 10 mg/mL at 68 °F (NTP, 1992)",mg/mL,96.10399999999998,5.5,1.5231457536828281,261.0947925831457
306,CCCCCCC(C(=O)O)N,69522.0,19 mg/mL,mg/mL,159.22899999999998,19.0,4.5139999988284645,320.9127161039243
274,C[C@]12CC[C@H]3[C@H]([C@@H]1CC[C@@H]2C(=O)NC(C)(C)C)CC[C@@H]4[C@@]3(C=CC(=O)N4)C,57363.0,52.8 [ug/mL] (The mean of the results at pH 7.4),ug/mL,372.5530000000001,0.0528,0.011679999681233861,352.05480685785665
70,CNCCCC12CCC(C3=CC=CC=C31)C4=CC=CC=C24,4011.0,38.6 [ug/mL] (The mean of the results at pH 7.4),ug/mL,277.41100000000006,0.0386,0.007617845947846457,406.7049171677213
100,C1CN(CCC12C(=O)NCN2C3=CC=CC=C3)CCCC(=O)C4=CC=C(C=C4)F,5265.0,50.1 [ug/mL] (The mean of the results at pH 7.4),ug/mL,395.4780000000002,0.0501,0.008440999998413546,493.5315722001671
44,C1=CC=C(C=C1)C2=CC=C(C=C2)C(C3=CC=CC=C3)N4C=CN=C4,2378.0,0.7 [ug/mL] (The mean of the results at pH 7.4),ug/mL,310.40000000000003,0.0007,0.0001095000036332411,539.2693851815543
86,C1=CC=C(C=C1)CCCC(=O)O,4775.0,18 mg/mL,mg/mL,164.20399999999998,18.0,2.7251080854887717,560.5242594174588
55,C1CN(CC=C1N2C3=CC=CC=C3NC2=O)CCCC(=O)C4=CC=C(C=C4)F,3168.0,33.4 [ug/mL] (The mean of the results at pH 7.4),ug/mL,379.43500000000006,0.0334,0.004206000004077998,694.1036606661072
273,CN[C@@H]1CC[C@@H](C2=CC=CC=C12)C3=CC(=C(C=C3)Cl)Cl,54375.0,28.8 [ug/mL] (The mean of the results at pH 7.4),ug/mL,306.236,0.0288,0.002857960640588672,907.7115685563774
364,CN(C)CCN(CC1=CC=CC=C1)C2=CC=CC=C2.Cl,24180706.0,"1 to 10 mg/mL at 68.9 °F (NTP, 1992)",mg/mL,290.838,5.5,0.43800453334939876,1155.6947659746295
353,C/C(=N/O)/C(=O)C,6398997.0,"10 to 50 mg/mL at 64 °F (NTP, 1992)",mg/mL,101.105,30.0,1.6979999984868699,1666.7844538712454
354,C/C(=N\O)/C(=O)C,6409633.0,"10 to 50 mg/mL at 64 °F (NTP, 1992)",mg/mL,101.105,30.0,1.6979999984868699,1666.7844538712454
352,CC(=NO)C(=O)C,6398969.0,"10 to 50 mg/mL at 64 °F (NTP, 1992)",mg/mL,101.105,30.0,1.6979999984868699,1666.7844538712454
293,CC1=CC=C(C=C1)S(=O)(=O)NC2=CC=C(C=C2)NC3=CC=CC=C3,66856.0,2.5 [ug/mL] (The mean of the results at pH 7.4),ug/mL,338.432,0.0025,0.00012000304951258767,1983.2803917518477
69,C1=CC=C(C=C1)C(C(=O)O)N,3866.0,115 mg/mL at 100 °C,mg/mL,151.16499999999996,115.0,4.690012415582471,2352.019095256866
140,C(F)(Cl)(Cl)Cl,6389.0,"10 to 50 mg/mL at 64 °F (NTP, 1992)",mg/mL,137.368,30.0,1.1006163718180058,2625.745388508604
120,C1[C@@H]([C@H](O[C@H]1N2C=C(C(=O)NC2=O)Br)CO)O,6035.0,"10 to 50 mg/mL at 72 °F (NTP, 1992)",mg/mL,307.1,30.0,0.9665999680397146,3003.662424160911
344,CN1CC[C@]23[C@@H]4C(=O)CC[C@]2([C@H]1CC5=C3C(=C(C=C5)OC)O4)O,5284603.0,166mg/mL,mg/mL,315.369,166.0,4.161000136189723,3889.425488267543
39,CCN(CC)CC1=C(C=CC(=C1)NC2=C3C=CC(=CC3=NC=C2)Cl)O,2165.0,24.9 [ug/mL] (The mean of the results at pH 7.4),ug/mL,355.8690000000001,0.0249,0.0005771519375370252,4214.288557404804
54,C1CN(CCC1N2C3=C(C=C(C=C3)Cl)NC2=O)CCCN4C5=CC=CC=C5NC4=O,3151.0,50.4 [ug/mL] (The mean of the results at pH 7.4),ug/mL,425.9200000000002,0.0504,0.0009863069713692018,5009.970978916856
264,C1CN(CCC1NC(=O)C2=CC=CC=C2)CCC3=CNC4=CC=CC=C43,33625.0,51.7 [ug/mL] (The mean of the results at pH 7.4),ug/mL,347.46200000000005,0.0517,0.000981899970848963,5165.302121895323
287,CCCC(C1=CC=CC=C1)(C2=CC=CC=C2)C(=O)OCCN(CC)CC.Cl,65341.0,47.4 [ug/mL] (The mean of the results at pH 7.4),ug/mL,389.96700000000016,0.0474,0.0006310048705825925,7411.827912871205
59,COC(=O)NC1=NC2=C(N1)C=C(C=C2)SC3=CC=CC=C3,3334.0,0.9 [ug/mL] (The mean of the results at pH 7.4),ug/mL,299.355,0.0009,1.0000280605692298e-05,8899.747461963292
77,CCC1=NN(C(=O)N1CCOC2=CC=CC=C2)CCCN3CCN(CC3)C4=CC(=CC=C4)Cl,4449.0,32.6 [ug/mL] (The mean of the results at pH 7.4),ug/mL,470.0170000000003,0.0326,0.00035880228254571943,8985.783894322363
302,C1=CC(=C(C=C1Cl)Cl)COC(CN2C=CN=C2)C3=C(C=C(C=C3)Cl)Cl.[N+](=O)(O)[O-],68553.0,26.3 [ug/mL] (The mean of the results at pH 7.4),ug/mL,479.1470000000001,0.0263,1.1100277763442083e-05,236831.00803852893
342,CCCCC(C)(C/C=C/[C@H]1[C@@H](CC(=O)[C@@H]1CCCCCCC(=O)OC)O)O,5282381.0,1.6mg/mL,mg/mL,382.54100000000017,1.6,0.00018570000473851816,861504.7168404439
101,CCCCCCCCCCCCCCCCCC(=O)O,5281.0,"1 to 10 mg/mL at 73 °F (NTP, 1992)",mg/mL,284.4839999999999,5.5,0.0005943713204898807,925247.473943881
234,CC(C)(C)CC(C)(C)C1=CC=C(C=C1)OCCOCC[N+](C)(C)CC2=CC=CC=C2.[Cl-],8478.0,"10 to 50 mg/mL at 64 °F (NTP, 1992)",mg/mL,448.0910000000002,30.0,0.000591303945840255,5073432.860899379
130,CCN(CC)CCCC(C)NC1=C2C=C(C=CC2=NC3=C1C=CC(=C3)Cl)OC.Cl.Cl,6239.0,"10 to 50 mg/mL at 64 °F (NTP, 1992)",mg/mL,472.8880000000002,30.0,3.290062616340507e-06,911836648.9725349
121,CC(CC1=CC=CC=C1)N.CC(CC1=CC=CC=C1)N.OS(=O)(=O)O,6055.0,"50 to 100 mg/mL at 61 °F (NTP, 1992)",mg/mL,368.499,75.0,7.360139819535119e-06,1019002280.918589
